{
  "id": "4f1c2dee-dff7-4183-b62b-430db7fdade0",
  "name": "Frontmen Boilerplate V1",
  "values": [
    {
      "description": {
        "content": "",
        "type": "text/plain"
      },
      "value": "http://localhost:3000",
      "key": "HOST",
      "enabled": true
    },
    {
      "description": {
        "content": "",
        "type": "text/plain"
      },
      "value": "eyJhbGciOiJIUzI1NiIsInR5cCI6IkpXVCJ9.eyJpZCI6MSwiZ3VpZCI6ImViMTYxNGY5LTY5ZjAtNDg4Ni1hMmQ0LWY2ZWQ4M2JjN2YyNSIsImV4cCI6MTUzNjgyNjY2NSwiZW1haWwiOiJuaWVrLmhlZXplbWFuc0Bmcm9udG1lbi5ubCIsImlhdCI6MTUzNjgyMTI2NX0.yR03bqbA9WrY-YnWAAqN4ZfUZtghyUYFk8ciWXeUj2A",
      "key": "TOKEN",
      "enabled": true
    }
  ],
  "_postman_variable_scope": "environment",
  "_postman_exported_at": "2018-09-13T06:53:27.749Z",
  "_postman_exported_using": "Postman/6.2.4"
}